secc,segm,pesoano,porcentaje_casas,porcentaje_pared_ladrillo,porcentaje_techo_hormigon,porcentaje_piso_con_terminacion,cant_habitaciones_prom,porcentaje_cocina_electrica,tiene_calefon_prom,cant_televisores_prom,ingresos_hogar_prom,cant_ac_prom,porcentaje_calefaccio_electrica
1.0,1.0,120.0,0.0,1.0,1.0,1.0,3.0,0.0,0.7666666666666667,0.49166666666666664,40333.7625,0.0,0.51
1.0,104.0,367.0,0.0,1.0,1.0,1.0,2.871934604904632,0.14,1.0,0.5722070844686649,89680.20072661218,0.4223433242506812,0.43
1.0,105.0,1443.0,0.011088011088011088,1.0,1.0,1.0,3.6826056826056828,0.03,0.9916839916839917,0.8239778239778239,93583.60914760915,0.4857934857934858,0.23
2.0,1.0,759.0,0.8260869565217391,1.0,0.9604743083003953,0.9499341238471674,3.1515151515151514,0.05,0.8998682476943346,0.5125164690382081,56386.175450153714,0.1976284584980237,0.43
3.0,101.0,1192.0,0.44546979865771813,1.0,0.9488255033557047,0.9773489932885906,3.3439597315436242,0.02,0.985738255033557,0.5100671140939598,71083.661003915,0.23573825503355705,0.3
3.0,104.0,134.0,0.11940298507462686,1.0,1.0,1.0,3.328358208955224,0.0,1.0,1.0,85423.87064676617,0.6268656716417911,0.75
3.0,202.0,1322.0,0.3547655068078669,1.0,1.0,1.0,2.9311649016641455,0.02,0.93267776096823,0.6853252647503782,55551.26913767019,0.5771558245083207,0.43
4.0,1.0,2138.0,0.0,1.0,1.0,1.0,1.8713751169317119,0.14,0.9658559401309635,0.6047708138447146,50108.89242282507,0.18896164639850327,0.4
4.0,103.0,784.0,0.039540816326530615,1.0,1.0,1.0,2.752551020408163,0.09,1.0,0.6530612244897959,65741.10778061225,0.36607142857142855,0.51
4.0,204.0,1525.0,0.2340983606557377,1.0,1.0,1.0,2.7232786885245903,0.05,0.9632786885245902,0.6465573770491804,63572.58491803278,0.32786885245901637,0.4
5.0,101.0,1534.0,0.039765319426336376,1.0,1.0,1.0,2.5338983050847457,0.2,0.9791395045632334,0.8044328552803129,62953.46838331159,0.5104302477183833,0.38
5.0,103.0,1355.0,0.4841328413284133,1.0,0.9808118081180812,1.0,2.6715867158671585,0.04,0.940959409594096,0.7202952029520295,65014.43468634686,0.37859778597785976,0.13
5.0,105.0,2470.0,0.0,1.0,1.0,1.0,3.3550607287449394,0.11,1.0,0.8105263157894737,93613.55013495278,0.8052631578947368,0.47
5.0,201.0,1526.0,0.0,1.0,1.0,0.9777195281782438,2.8145478374836173,0.25,0.8800786369593709,0.8034076015727392,77983.78888160769,0.5543905635648755,0.46
5.0,204.0,1565.0,0.2990415335463259,1.0,1.0,1.0,3.2421725239616612,0.09,0.9769968051118211,0.8517571884984025,79595.73290734825,0.5028753993610223,0.55
5.0,205.0,791.0,0.8343868520859671,1.0,0.7231352718078382,0.93173198482933,3.9216182048040453,0.15,0.9165613147914032,0.718078381795196,67353.64728192161,0.18331226295828065,0.33
6.0,101.0,106.0,0.0,1.0,1.0,1.0,2.80188679245283,0.2,1.0,0.7641509433962265,89901.94968553458,1.5754716981132075,0.43
6.0,103.0,1100.0,0.0,1.0,1.0,1.0,2.7536363636363634,0.21,1.0,0.8554545454545455,76144.31659090909,0.7618181818181818,0.42
6.0,202.0,217.0,0.5714285714285714,1.0,0.8433179723502304,0.8433179723502304,4.990783410138249,0.15,1.0,0.8755760368663594,75119.49001536099,0.0,0.29
6.0,204.0,1465.0,0.06075085324232082,1.0,1.0,1.0,3.496928327645051,0.09,0.9706484641638226,0.6655290102389079,87132.00455062572,0.6921501706484642,0.43
6.0,304.0,407.0,0.0,1.0,1.0,1.0,3.1818181818181817,0.39,1.0,1.0,98527.62714987715,0.515970515970516,0.08
7.0,10.0,1892.0,0.3927061310782241,1.0,0.9825581395348837,1.0,3.766913319238901,0.04,0.9497885835095138,0.86892177589852,94002.20331219169,0.45190274841437633,0.34
7.0,103.0,2052.0,0.07943469785575048,1.0,1.0,1.0,3.185672514619883,0.11,0.9873294346978557,0.7899610136452242,67098.61111111111,0.3153021442495127,0.19
7.0,105.0,454.0,0.09251101321585903,1.0,1.0,1.0,2.156387665198238,0.18,1.0,0.6806167400881057,56306.238619676944,0.5991189427312775,0.4
7.0,106.0,712.0,0.3455056179775281,1.0,1.0,1.0,2.764044943820225,0.07,0.949438202247191,0.7626404494382022,55794.40449438202,0.3946629213483146,0.47
7.0,107.0,1387.0,0.4657534246575342,1.0,1.0,1.0,3.0064888248017305,0.1,0.9848594087959625,0.6827685652487383,76693.652247056,0.3338139870223504,0.35
7.0,206.0,1452.0,0.3271349862258953,1.0,0.9834710743801653,1.0,3.152203856749311,0.1,0.918732782369146,0.7940771349862259,86334.56083562902,0.384297520661157,0.14
7.0,207.0,1474.0,0.6139755766621439,1.0,0.9782903663500678,1.0,3.3738127544097694,0.12,0.9816824966078698,0.6648575305291723,82561.77866350068,0.4043419267299864,0.37
7.0,208.0,758.0,0.43799472295514513,1.0,1.0,1.0,3.4089709762532983,0.08,1.0,0.7902374670184696,82599.60070360597,0.7598944591029023,0.32
8.0,2.0,1106.0,0.042495479204339964,1.0,1.0,1.0,4.121157323688969,0.08,1.0,0.918625678119349,104901.41892706449,1.123869801084991,0.59
8.0,4.0,1354.0,0.8714918759231906,1.0,0.930576070901034,1.0,3.7326440177252587,0.11,0.896602658788774,0.6499261447562777,75830.4822747415,0.3005908419497784,0.16
8.0,10.0,439.0,0.0,1.0,1.0,1.0,2.9840546697038723,0.1,1.0,0.8610478359908884,116779.6674259681,0.5854214123006833,0.79
8.0,13.0,1091.0,0.3528872593950504,1.0,1.0,1.0,2.665444546287809,0.05,0.9660861594867094,0.6342804766269478,58012.06966086159,0.4848762603116407,0.29
8.0,111.0,696.0,0.20833333333333334,1.0,1.0,1.0,4.030172413793103,0.12,1.0,0.9152298850574713,86986.9224137931,0.7270114942528736,0.49
8.0,314.0,389.0,0.06426735218508997,1.0,0.9357326478149101,1.0,3.282776349614396,0.0,0.9125964010282777,0.8149100257069408,58103.84190231362,0.20565552699228792,0.16
9.0,1.0,577.0,1.0,1.0,0.292894280762565,0.610051993067591,3.097053726169844,0.12,0.7209705372616985,0.5233968804159446,43062.77902946274,0.2772963604852686,0.36
9.0,2.0,1243.0,1.0,1.0,0.4682220434432824,0.9686242960579243,3.4086886564762673,0.03,0.9348350764279968,0.5382139983909895,66177.14869938322,0.32904263877715206,0.19
9.0,3.0,691.0,1.0,1.0,0.8480463096960926,0.9218523878437048,3.5137481910274966,0.0,1.0,0.6208393632416788,54309.782682103236,0.5021707670043415,0.26
9.0,5.0,592.0,1.0,0.9003378378378378,0.2922297297297297,0.839527027027027,3.570945945945946,0.06,0.793918918918919,0.5523648648648649,51824.70608108108,0.27871621621621623,0.12
9.0,8.0,807.0,1.0,1.0,0.8822800495662949,1.0,3.650557620817844,0.04,1.0,0.59727385377943,75019.73192895498,0.5340768277571252,0.23
9.0,15.0,1395.0,1.0,1.0,0.37921146953405016,0.6114695340501792,3.325448028673835,0.07,0.807168458781362,0.4745519713261649,50357.84193548387,0.2724014336917563,0.29
9.0,18.0,662.0,0.08610271903323263,1.0,1.0,1.0,3.490936555891239,0.13,1.0,0.675226586102719,69062.93605236657,0.5347432024169184,0.51
9.0,21.0,274.0,1.0,1.0,0.8102189781021898,1.0,4.452554744525547,0.32,1.0,0.6496350364963503,78716.12530413627,1.4744525547445255,0.44
9.0,26.0,766.0,0.23759791122715404,0.9712793733681462,0.8420365535248042,0.8733681462140992,3.537859007832898,0.12,0.7963446475195822,0.5600522193211488,55033.01914708443,0.3668407310704961,0.2
9.0,28.0,608.0,1.0,1.0,0.6332236842105263,0.9555921052631579,3.643092105263158,0.04,0.9424342105263158,0.837171052631579,73593.28618421053,0.7450657894736842,0.36
9.0,29.0,2274.0,1.0,1.0,0.8359718557607739,0.9335971855760774,3.426121372031662,0.04,0.9437115215479331,0.6398416886543535,65280.45800351803,0.5501319261213721,0.21
9.0,30.0,303.0,1.0,1.0,1.0,1.0,3.6732673267326734,0.09,1.0,0.8184818481848185,66511.42244224422,0.4884488448844885,0.32
9.0,31.0,859.0,1.0,0.9755529685681025,0.79976717112922,0.89988358556461,3.3969732246798605,0.11,0.8742724097788126,0.6158323632130385,64771.289289871944,0.4807916181606519,0.25
9.0,33.0,918.0,1.0,1.0,0.761437908496732,0.8398692810457516,3.447712418300654,0.0,0.9215686274509803,0.6034858387799564,49729.46859114017,0.25163398692810457,0.17
9.0,35.0,295.0,1.0,1.0,0.27796610169491526,0.7762711864406779,3.094915254237288,0.0,0.6,0.2847457627118644,43068.99661016949,0.0,0.5
9.0,47.0,1403.0,1.0,1.0,0.4953670705630791,0.7027797576621525,3.322166785459729,0.13,0.8453314326443335,0.3791874554526016,48596.22808267997,0.28011404133998574,0.4
9.0,217.0,613.0,0.0,1.0,1.0,1.0,3.365415986949429,0.04,0.964110929853181,0.6802610114192496,42815.812941816206,0.2805872756933116,0.5
9.0,255.0,1708.0,0.2617096018735363,1.0,0.9484777517564403,0.9812646370023419,3.4151053864168617,0.03,0.8905152224824356,0.5884074941451991,65005.51258782201,0.40398126463700235,0.39
10.0,4.0,1076.0,0.9795539033457249,1.0,0.654275092936803,1.0,3.5715613382899627,0.05,0.9767657992565055,0.5901486988847584,54632.76998141264,0.370817843866171,0.22
10.0,5.0,1460.0,0.9034246575342466,1.0,0.6952054794520548,0.9828767123287672,2.682191780821918,0.09,0.85,0.5691780821917808,47076.606278538806,0.2493150684931507,0.32
10.0,6.0,1980.0,1.0,1.0,0.5282828282828282,0.9570707070707071,3.2065656565656564,0.02,0.8494949494949495,0.6843434343434344,60428.734006734005,0.4085858585858586,0.37
10.0,9.0,501.0,0.8203592814371258,1.0,0.6347305389221557,1.0,3.3013972055888225,0.0,0.8782435129740519,0.6586826347305389,57438.0632069195,0.41317365269461076,0.21
10.0,15.0,1328.0,0.822289156626506,1.0,0.9390060240963856,1.0,3.5090361445783134,0.02,0.9751506024096386,0.8087349397590361,71430.36809738957,0.6875,0.4
10.0,40.0,848.0,0.4257075471698113,0.9634433962264151,0.9091981132075472,0.9481132075471698,3.619103773584906,0.04,0.9693396226415094,0.8077830188679245,85228.22051886792,0.75,0.3
10.0,41.0,544.0,1.0,1.0,0.9393382352941176,1.0,4.742647058823529,0.05,0.9650735294117647,0.9246323529411765,118886.49877450979,1.443014705882353,0.29
10.0,42.0,132.0,0.24242424242424243,1.0,1.0,1.0,2.4696969696969697,0.34,1.0,1.0,98003.87878787878,0.3939393939393939,0.24
10.0,43.0,580.0,0.5758620689655173,1.0,1.0,1.0,3.8689655172413793,0.03,1.0,0.7741379310344828,110675.43103448275,1.056896551724138,0.27
10.0,44.0,411.0,1.0,1.0,1.0,1.0,3.613138686131387,0.13,1.0,0.9002433090024331,109374.23600973235,1.3771289537712896,0.27
10.0,45.0,1178.0,0.6426146010186757,1.0,1.0,1.0,4.623089983022071,0.08,0.9702886247877759,0.9227504244482173,146774.75976230897,1.465195246179966,0.31
10.0,51.0,779.0,0.7227214377406932,0.9691912708600771,0.962772785622593,1.0,4.580231065468549,0.11,0.9537869062901155,0.834403080872914,176998.36371416342,1.0949935815147624,0.36
10.0,55.0,794.0,0.756926952141058,1.0,1.0,1.0,4.236775818639798,0.07,0.9445843828715366,0.8979848866498741,150478.10621326615,1.2241813602015112,0.32
10.0,56.0,550.0,1.0,1.0,0.9436363636363636,0.9618181818181818,3.5272727272727273,0.05,0.7963636363636364,0.5018181818181818,64131.244545454545,0.7454545454545455,0.16
10.0,57.0,282.0,1.0,1.0,1.0,1.0,4.882978723404255,0.22,1.0,0.8900709219858156,159993.64834515366,1.9929078014184398,0.44
10.0,60.0,698.0,0.9283667621776505,1.0,0.9512893982808023,1.0,5.13323782234957,0.19,0.9842406876790831,0.828080229226361,164143.68194842406,1.3696275071633237,0.31
10.0,61.0,415.0,0.8746987951807229,1.0,1.0,1.0,4.997590361445783,0.1,0.8481927710843373,1.0,155218.4923694779,1.8843373493975903,0.22
10.0,64.0,479.0,0.7286012526096033,1.0,1.0,1.0,4.298538622129437,0.26,0.9394572025052192,0.8851774530271399,158026.2713987474,1.8559498956158664,0.66
10.0,76.0,362.0,1.0,1.0,0.8397790055248618,1.0,5.212707182320442,0.06,1.0,1.0,177148.46846224676,2.160220994475138,0.18
10.0,103.0,1086.0,0.3729281767955801,1.0,1.0,1.0,3.177716390423573,0.08,0.9732965009208103,0.6058931860036832,56235.758747697975,0.19060773480662985,0.17
10.0,114.0,1838.0,0.7176278563656148,1.0,0.9488574537540805,1.0,3.353645266594124,0.04,0.9820457018498367,0.7029379760609358,79374.79071454478,0.7687704026115343,0.37
10.0,117.0,1650.0,0.5339393939393939,1.0,0.9121212121212121,0.9848484848484849,3.1587878787878787,0.03,0.9848484848484849,0.7957575757575758,69551.93510101011,0.576969696969697,0.29
10.0,120.0,1305.0,0.8988505747126436,1.0,0.6030651340996168,0.8873563218390804,3.4283524904214557,0.06,0.8973180076628352,0.6659003831417625,60003.96973180077,0.3816091954022989,0.29
10.0,122.0,1125.0,1.0,1.0,0.7475555555555555,0.9386666666666666,2.648888888888889,0.03,0.9706666666666667,0.6088888888888889,49298.94185185185,0.5297777777777778,0.33
10.0,124.0,293.0,1.0,1.0,0.7713310580204779,1.0,4.020477815699659,0.0,1.0,0.7337883959044369,96425.24232081912,0.8020477815699659,0.43
10.0,129.0,1915.0,0.5086161879895561,1.0,0.7530026109660575,0.7869451697127937,2.9509138381201043,0.1,0.9060052219321149,0.6966057441253264,71335.45213228895,0.391644908616188,0.54
10.0,131.0,627.0,0.6044657097288676,1.0,1.0,1.0,3.696969696969697,0.0,1.0,0.9266347687400319,79895.81020733653,0.5039872408293461,0.3
10.0,132.0,823.0,1.0,1.0,1.0,1.0,3.9793438639125154,0.06,0.9732685297691372,0.9732685297691372,102023.07654921021,1.2551640340218713,0.32
10.0,135.0,245.0,0.5551020408163265,1.0,0.8734693877551021,1.0,3.159183673469388,0.22,1.0,1.0,97301.22040816327,0.5510204081632653,0.36
10.0,136.0,104.0,1.0,1.0,1.0,1.0,4.509615384615385,0.28,1.0,1.0,97968.46153846153,1.7884615384615385,0.48
10.0,138.0,1538.0,1.0,0.9369310793237972,0.6983094928478544,0.8120936280884266,3.1599479843953184,0.06,0.8198959687906372,0.647594278283485,49486.264087559604,0.35565669700910274,0.25
10.0,146.0,2537.0,0.7761135199054001,1.0,0.9810800157666535,1.0,4.513598738667718,0.11,0.9885691761923532,0.864406779661017,141601.25417159376,1.6681119432400473,0.42
10.0,148.0,513.0,1.0,1.0,0.7992202729044834,1.0,3.2553606237816766,0.0,1.0,0.5165692007797271,61750.22027290448,0.6686159844054581,0.0
10.0,149.0,252.0,1.0,1.0,1.0,1.0,4.424603174603175,0.0,1.0,1.0,140832.97486772487,1.9404761904761905,0.29
10.0,168.0,1194.0,1.0,1.0,0.9321608040201005,1.0,4.977386934673367,0.05,0.9731993299832495,0.9556113902847572,174748.55360134007,1.4874371859296482,0.25
10.0,202.0,718.0,0.26323119777158777,1.0,0.9317548746518106,0.9665738161559888,3.011142061281337,0.09,1.0,0.8272980501392758,63455.49686629527,0.43454038997214484,0.41
10.0,210.0,2050.0,0.9770731707317073,1.0,0.8268292682926829,1.0,3.4541463414634146,0.08,0.9824390243902439,0.7336585365853658,70217.96333333333,0.7048780487804878,0.34
10.0,211.0,1455.0,0.7134020618556701,1.0,0.9560137457044674,1.0,3.2288659793814434,0.07,0.9532646048109966,0.6666666666666666,66831.65441008017,0.4061855670103093,0.14
10.0,220.0,1648.0,0.01516990291262136,1.0,1.0,1.0,3.8094660194174756,0.13,0.9793689320388349,0.7396844660194175,74423.54166666667,0.6122572815533981,0.37
10.0,224.0,778.0,0.9125964010282777,1.0,0.9074550128534704,1.0,3.3303341902313623,0.04,0.9665809768637532,0.7686375321336761,80583.64095972579,1.1169665809768639,0.39
10.0,226.0,1942.0,0.7811534500514933,0.9835221421215242,0.9129763130792997,0.9546858908341915,3.540164778578785,0.11,0.9835221421215242,0.762615859938208,81653.34531410916,0.431513903192585,0.33
10.0,230.0,216.0,0.3425925925925926,1.0,1.0,1.0,3.0324074074074074,0.0,1.0,0.8611111111111112,90400.52314814815,0.8703703703703703,0.28
10.0,231.0,213.0,0.2535211267605634,1.0,1.0,1.0,2.9342723004694835,0.28,1.0,1.0,51200.112676056335,0.6244131455399061,0.21
10.0,232.0,1460.0,0.16506849315068492,1.0,1.0,1.0,2.7965753424657533,0.21,1.0,0.7993150684931507,87563.30125570777,0.65,0.49
10.0,234.0,1303.0,0.6922486569455104,1.0,1.0,1.0,4.244819646968534,0.16,1.0,0.9025326170376056,135736.6900102328,1.1588641596316194,0.31
10.0,235.0,428.0,0.34345794392523366,1.0,1.0,1.0,4.119158878504673,0.22,1.0,0.9299065420560748,140596.05763239876,0.794392523364486,0.63
10.0,238.0,1628.0,0.0,1.0,1.0,1.0,3.670761670761671,0.08,1.0,0.7057739557739557,59680.02308558559,0.29238329238329236,0.25
10.0,246.0,1699.0,0.4914655679811654,1.0,1.0,1.0,3.9358446144791053,0.14,0.9841082989994114,0.9199529134785168,132755.25838728665,1.3896409652736903,0.41
10.0,248.0,1292.0,1.0,1.0,0.8444272445820433,1.0,4.143188854489164,0.08,0.9798761609907121,0.8335913312693498,125207.88777089784,1.2244582043343653,0.31
10.0,268.0,147.0,1.0,1.0,0.6462585034013606,1.0,3.557823129251701,0.0,1.0,0.42857142857142855,60608.13605442177,0.0,0.2
10.0,319.0,1483.0,0.0,1.0,1.0,1.0,3.3648010788941334,0.04,1.0,0.6459878624409979,64233.30141604855,0.3857046527309508,0.33
10.0,320.0,382.0,0.0,1.0,1.0,1.0,2.3769633507853403,0.0,1.0,0.8534031413612565,64256.60994764398,0.46335078534031415,0.38
10.0,328.0,133.0,0.0,1.0,1.0,1.0,3.3609022556390977,0.0,1.0,0.0,38215.86842105263,0.0,0.0
10.0,333.0,1308.0,0.0,1.0,1.0,1.0,3.3730886850152904,0.24,1.0,0.9655963302752294,137279.1129587156,1.1238532110091743,0.45
10.0,338.0,282.0,0.0,1.0,1.0,1.0,4.0177304964539005,0.0,1.0,0.8794326241134752,72966.25531914894,0.900709219858156,0.29
10.0,419.0,1717.0,0.0,1.0,1.0,1.0,3.9312754804892256,0.05,0.9813628421665695,0.8380896913220733,72137.81654047758,0.47641234711706465,0.39
10.0,428.0,761.0,0.0,1.0,1.0,1.0,3.8725361366622866,0.04,0.9540078843626807,0.8436268068331143,73345.35917652212,0.5624178712220762,0.34
10.0,438.0,548.0,0.0,1.0,1.0,1.0,3.667883211678832,0.0,1.0,0.9416058394160584,71016.68260340631,0.6678832116788321,0.39
11.0,1.0,2105.0,1.0,0.9700712589073635,0.5809976247030879,0.7501187648456057,3.1581947743467933,0.05,0.872209026128266,0.5695961995249407,49504.26809184482,0.3106888361045131,0.21
11.0,2.0,1976.0,0.986336032388664,1.0,0.49544534412955465,0.7834008097165992,2.9640688259109313,0.03,0.8836032388663968,0.6422064777327935,51545.86074561403,0.4382591093117409,0.29
11.0,3.0,869.0,1.0,1.0,0.6616800920598389,0.9321058688147296,3.0678941311852705,0.1,0.766398158803222,0.7790563866513234,54962.16398158803,0.38550057537399307,0.37
11.0,5.0,1138.0,1.0,0.9745166959578208,0.7021089630931459,0.8945518453427065,3.5536028119507908,0.03,0.9270650263620387,0.655536028119508,59961.97583479789,0.4771528998242531,0.36
11.0,10.0,645.0,1.0,0.8403100775193798,0.05581395348837209,0.4682170542635659,2.648062015503876,0.21,0.42170542635658914,0.4232558139534884,45000.3322997416,0.15348837209302327,0.46
11.0,12.0,714.0,1.0,1.0,0.803921568627451,1.0,3.1400560224089635,0.08,0.9005602240896359,0.5896358543417367,53586.747899159665,0.242296918767507,0.32
11.0,15.0,1666.0,0.9591836734693877,1.0,0.8895558223289316,1.0,3.375750300120048,0.06,0.9867947178871549,0.7719087635054022,57730.03281312525,0.4297719087635054,0.22
11.0,16.0,700.0,0.9485714285714286,1.0,0.9257142857142857,0.9614285714285714,3.212857142857143,0.0,0.9114285714285715,0.6128571428571429,58924.76833333333,0.16,0.14
11.0,20.0,608.0,0.9473684210526315,1.0,0.7976973684210527,0.8848684210526315,2.9934210526315788,0.0,0.8322368421052632,0.6677631578947368,67245.34046052632,0.26973684210526316,0.21
11.0,59.0,825.0,0.9151515151515152,1.0,0.6593939393939394,0.7963636363636364,3.3466666666666667,0.0,0.8751515151515151,0.49818181818181817,59908.09696969697,0.5575757575757576,0.39
11.0,61.0,870.0,1.0,0.9586206896551724,0.5735632183908046,0.6873563218390805,3.306896551724138,0.04,0.8862068965517241,0.6068965517241379,50188.51704980843,0.31264367816091954,0.3
11.0,69.0,2682.0,0.9381058911260254,1.0,0.6636838180462341,0.7132736763609246,3.261744966442953,0.04,0.8590604026845637,0.7304250559284117,51473.929654486696,0.4052945563012677,0.31
11.0,73.0,1516.0,1.0,0.9775725593667546,0.7058047493403694,0.7387862796833773,3.0771767810026387,0.04,0.8397097625329816,0.6866754617414248,52017.202176781,0.44393139841688656,0.37
11.0,78.0,432.0,1.0,1.0,0.7638888888888888,0.6203703703703703,3.337962962962963,0.0,0.8032407407407407,0.33101851851851855,53237.256944444445,0.3101851851851852,0.08
11.0,91.0,1614.0,1.0,0.9182156133828996,0.4021065675340768,0.5675340768277571,3.094175960346964,0.16,0.6648079306071871,0.31660470879801733,38633.39033457249,0.2298636926889715,0.41
11.0,92.0,1585.0,1.0,0.9741324921135647,0.5501577287066246,0.5362776025236593,3.2246056782334387,0.02,0.7545741324921136,0.4037854889589905,45346.261409043116,0.2832807570977918,0.34
11.0,97.0,621.0,1.0,1.0,0.8631239935587761,0.9436392914653784,3.4074074074074074,0.0,1.0,0.6167471819645732,57454.85963499732,0.26247987117552335,0.17
11.0,99.0,720.0,0.5333333333333333,1.0,0.6625,0.9083333333333333,3.2569444444444446,0.03,0.8361111111111111,0.7916666666666666,57071.22986111111,0.5722222222222222,0.49
11.0,106.0,1590.0,1.0,0.9672955974842767,0.7660377358490567,0.9660377358490566,3.3207547169811322,0.0,0.8647798742138365,0.6220125786163522,50613.77316561845,0.3169811320754717,0.22
11.0,109.0,906.0,0.9591611479028698,0.9701986754966887,0.7328918322295805,0.9105960264900662,3.1876379690949226,0.0,0.9271523178807947,0.6931567328918322,57271.21302428256,0.4845474613686534,0.44
11.0,111.0,352.0,0.7670454545454546,1.0,0.7386363636363636,0.9034090909090909,2.7642045454545454,0.0,0.9034090909090909,0.5823863636363636,44409.30965909091,0.3977272727272727,0.49
11.0,114.0,833.0,1.0,1.0,0.9159663865546218,0.9303721488595438,3.36734693877551,0.07,0.885954381752701,0.7082833133253301,51305.30852340937,0.25090036014405764,0.2
11.0,130.0,611.0,1.0,0.9590834697217676,0.05237315875613748,0.5040916530278232,2.9247135842880523,0.18,0.5106382978723404,0.4909983633387889,45439.95253682488,0.0,0.44
11.0,135.0,974.0,0.6170431211498973,1.0,0.5472279260780287,0.419917864476386,3.12217659137577,0.18,0.7597535934291582,0.4671457905544148,39550.7871321013,0.18583162217659138,0.49
11.0,168.0,684.0,1.0,1.0,0.7953216374269005,0.8874269005847953,3.1140350877192984,0.0,0.8947368421052632,0.6622807017543859,43782.52729044834,0.32748538011695905,0.26
11.0,206.0,2544.0,1.0,0.9866352201257862,0.6458333333333334,0.9202044025157232,3.204009433962264,0.06,0.7944182389937107,0.5180817610062893,49826.858556079664,0.3895440251572327,0.33
11.0,230.0,212.0,0.8490566037735849,1.0,0.7924528301886793,1.0,3.311320754716981,0.1,0.9198113207547169,0.839622641509434,84200.15094339622,0.7830188679245284,0.33
11.0,263.0,1541.0,0.5100584036340039,1.0,0.8046722907203114,0.9136924075275795,3.281635301752109,0.0,0.844905905256327,0.5931213497728748,49066.88892494052,0.41855937702790397,0.23
11.0,268.0,736.0,0.0,1.0,1.0,1.0,3.0407608695652173,0.0,0.8845108695652174,0.6182065217391305,55417.70697463769,0.2296195652173913,0.37
11.0,286.0,1249.0,1.0,0.9679743795036029,0.6645316253002402,0.4875900720576461,2.5420336269015213,0.14,0.9471577261809447,0.5388310648518815,42359.85054710435,0.1513210568454764,0.29
11.0,289.0,2319.0,1.0,0.9667960327727468,0.47865459249676584,0.6502802932298405,2.9085812850366537,0.06,0.7197067701595515,0.3445450625269513,47416.01552393273,0.3014230271668823,0.46
12.0,2.0,1684.0,0.9020190023752969,0.9910926365795725,0.9548693586698337,1.0,3.4887173396674585,0.03,0.9643705463182898,0.744061757719715,76771.02078384798,0.7737529691211401,0.29
12.0,3.0,594.0,0.8535353535353535,1.0,0.9208754208754208,1.0,3.846801346801347,0.14,0.9040404040404041,0.6717171717171717,60661.478395061735,0.4175084175084175,0.32
12.0,9.0,1543.0,0.9047310434219054,0.9799092676604018,0.8379779650032404,0.9637070641607258,3.123784834737524,0.09,0.9410239792611795,0.7414128321451717,63409.32868870166,0.6351263771872975,0.38
12.0,11.0,693.0,0.56998556998557,1.0,0.9163059163059163,1.0,2.914862914862915,0.03,1.0,0.6233766233766234,54418.36411736412,0.16883116883116883,0.19
12.0,18.0,841.0,0.6813317479191439,1.0,0.9583828775267539,1.0,3.1819262782401903,0.06,0.9750297265160524,0.7812128418549346,69156.64328180737,0.5362663495838288,0.43
12.0,21.0,1016.0,0.7874015748031497,1.0,0.9753937007874016,1.0,3.4350393700787403,0.05,1.0,0.8080708661417323,94069.23950131233,0.6840551181102362,0.22
12.0,22.0,637.0,0.9748822605965463,1.0,0.9010989010989011,0.9434850863422292,3.464678178963893,0.05,0.9434850863422292,0.7017268445839875,73697.84196755625,0.5682888540031397,0.18
12.0,24.0,738.0,0.8495934959349594,1.0,0.9715447154471545,1.0,3.430894308943089,0.15,0.9308943089430894,0.6016260162601627,75976.64476061428,0.47560975609756095,0.4
12.0,26.0,431.0,0.8306264501160093,1.0,0.9373549883990719,1.0,3.4153132250580045,0.0,1.0,0.7424593967517401,95144.67478731631,0.7819025522041764,0.53
12.0,31.0,1149.0,0.9860748476936466,0.9747606614447345,0.8111401218450827,1.0,3.771975630983464,0.05,0.9530026109660574,0.6953872932985204,68720.78387003191,0.46475195822454307,0.32
12.0,33.0,803.0,0.8019925280199253,1.0,0.9651307596513076,1.0,3.6214196762141966,0.09,0.9688667496886675,0.8268991282689913,85512.4288086343,0.9090909090909091,0.27
12.0,106.0,1231.0,0.6116978066612511,1.0,0.9212022745735174,1.0,2.8302193338748984,0.04,0.9821283509341998,0.6417546709991877,55413.54346060114,0.2908204711616572,0.23
12.0,112.0,1411.0,0.17505315379163713,1.0,1.0,1.0,3.4344436569808647,0.09,1.0,0.8199858256555634,80155.72974249942,0.781715095676825,0.46
12.0,117.0,1507.0,0.9256801592568016,0.9767750497677505,0.9163901791639018,1.0,3.3861977438619775,0.04,0.9548772395487723,0.781021897810219,77220.50564034506,0.8175182481751825,0.23
12.0,125.0,1479.0,0.8100067613252198,1.0,0.922920892494929,1.0,3.27315753887762,0.04,1.0,0.8045977011494253,76256.07719179626,0.6139283299526708,0.28
12.0,128.0,715.0,0.04895104895104895,1.0,1.0,1.0,3.8517482517482518,0.08,1.0,0.8293706293706293,91019.97296037295,0.8573426573426574,0.55
12.0,130.0,727.0,0.9270976616231087,1.0,1.0,1.0,3.6506189821182944,0.0,0.9257221458046767,0.390646492434663,68689.08619899128,0.5928473177441541,0.22
12.0,135.0,510.0,0.5470588235294118,1.0,0.8607843137254902,1.0,3.3588235294117648,0.06,1.0,0.6313725490196078,75071.93725490196,0.5019607843137255,0.24
12.0,206.0,1274.0,0.30847723704866564,1.0,1.0,1.0,3.021978021978022,0.05,0.9819466248037677,0.630298273155416,61245.88945578231,0.7291993720565149,0.39
12.0,207.0,1220.0,0.7122950819672131,1.0,0.9704918032786886,1.0,3.6147540983606556,0.06,1.0,0.6147540983606558,77405.72677595628,0.5663934426229508,0.31
12.0,219.0,1894.0,0.8447729672650475,1.0,0.9223864836325237,1.0,3.602428722280887,0.07,0.9567053854276664,0.7349524815205913,77344.14633931714,0.6341077085533263,0.31
12.0,220.0,714.0,0.0938375350140056,1.0,1.0,1.0,2.84593837535014,0.09,1.0,0.9495798319327731,84519.12978524742,0.8879551820728291,0.75
12.0,227.0,789.0,0.7477820025348543,1.0,0.8871989860583016,1.0,3.0481622306717364,0.0,0.9632446134347274,0.6248415716096325,53764.5855513308,0.27249683143219267,0.27
12.0,228.0,395.0,0.8177215189873418,1.0,0.9164556962025316,1.0,3.260759493670886,0.15,0.9291139240506329,0.7443037974683544,62403.89789029536,0.2810126582278481,0.22
12.0,235.0,670.0,1.0,0.9462686567164179,0.7059701492537314,1.0,3.5253731343283583,0.0,0.9462686567164179,0.6208955223880597,78063.72089552239,0.8805970149253731,0.19
12.0,236.0,165.0,1.0,1.0,0.806060606060606,1.0,3.9575757575757575,0.0,1.0,0.8121212121212121,81747.32727272727,0.9878787878787879,0.19
13.0,2.0,605.0,1.0,1.0,0.5388429752066116,0.768595041322314,2.747107438016529,0.1,0.7355371900826446,0.3702479338842975,38236.07603305785,0.2115702479338843,0.3
13.0,3.0,710.0,1.0,1.0,0.4225352112676056,0.8450704225352113,3.9112676056338027,0.0,0.8915492957746479,0.8507042253521127,69259.39624413147,0.38591549295774646,0.18
13.0,12.0,456.0,1.0,1.0,1.0,0.8859649122807017,3.4649122807017543,0.06,0.8925438596491229,0.4342105263157895,47303.39071637427,0.16666666666666666,0.43
13.0,14.0,579.0,1.0,0.9689119170984456,0.6044905008635578,0.8963730569948186,3.530224525043178,0.0,0.9689119170984456,0.9222797927461139,45104.713298791015,0.46632124352331605,0.42
13.0,16.0,123.0,1.0,1.0,1.0,1.0,3.5365853658536586,0.0,0.7642276422764228,1.0,44459.727642276426,0.22764227642276422,0.23
13.0,17.0,688.0,1.0,1.0,0.6090116279069767,0.9578488372093024,3.4098837209302326,0.05,0.811046511627907,0.75,60773.095203488374,0.3953488372093023,0.33
13.0,21.0,351.0,1.0,1.0,0.5527065527065527,0.9088319088319088,3.4045584045584047,0.07,0.9287749287749287,0.7692307692307693,67378.2146248813,0.2564102564102564,0.09
13.0,24.0,434.0,1.0,1.0,0.6981566820276498,0.8709677419354839,3.2327188940092166,0.06,0.8225806451612904,0.6797235023041475,62936.03801843318,0.7235023041474654,0.35
13.0,26.0,293.0,1.0,1.0,0.6279863481228669,1.0,3.832764505119454,0.0,0.9419795221843004,0.5733788395904437,66006.35381114903,0.7815699658703071,0.42
13.0,27.0,679.0,0.9528718703976435,1.0,0.8114874815905744,0.8615611192930781,3.4270986745213547,0.0,0.9513991163475699,0.7201767304860088,55423.27442317132,0.4108983799705449,0.17
13.0,33.0,346.0,1.0,0.815028901734104,0.10404624277456648,0.41040462427745666,2.9190751445086707,0.51,0.5317919075144508,0.32947976878612717,34712.43159922929,0.0,0.41
13.0,37.0,277.0,0.8700361010830325,1.0,1.0,0.740072202166065,3.2490974729241877,0.0,1.0,0.3862815884476534,70704.87906137184,0.12274368231046931,0.61
13.0,48.0,1520.0,1.0,1.0,0.7671052631578947,0.6598684210526315,3.2723684210526316,0.05,0.6921052631578948,0.4697368421052632,42806.83662280702,0.4440789473684211,0.55
13.0,49.0,169.0,1.0,1.0,0.3609467455621302,0.5680473372781065,2.7810650887573964,0.0,0.727810650887574,0.39644970414201186,52068.69822485207,0.757396449704142,0.4
13.0,50.0,1250.0,1.0,1.0,0.8144,0.8128,3.2584,0.0,0.8432,0.6448,48435.3012,0.6576,0.18
13.0,51.0,1574.0,1.0,1.0,0.6639135959339263,0.6670902160101652,3.229987293519695,0.07,0.8017789072426937,0.6003811944091486,44473.82973316391,0.2655654383735705,0.47
13.0,132.0,330.0,0.8272727272727273,1.0,1.0,0.603030303030303,3.0545454545454547,0.0,1.0,0.9090909090909091,53423.25454545455,0.396969696969697,0.3
13.0,134.0,239.0,1.0,0.8535564853556485,0.41841004184100417,0.301255230125523,2.217573221757322,0.15,0.5941422594142259,0.301255230125523,42102.543933054396,0.14644351464435146,0.54
13.0,135.0,1708.0,0.813231850117096,1.0,0.5977751756440282,0.772248243559719,3.2330210772833725,0.09,0.7318501170960188,0.5521077283372365,48278.3043520687,0.37177985948477754,0.4
13.0,139.0,1283.0,1.0,1.0,0.7490257209664848,0.8215120810600156,2.9618082618862043,0.05,0.7381137957911146,0.5315666406858924,47301.06651078202,0.3912704598597038,0.39
13.0,213.0,169.0,0.0,1.0,1.0,1.0,3.5798816568047336,0.0,1.0,1.0,101997.86982248521,0.5976331360946746,0.0
13.0,235.0,1987.0,1.0,0.9879214896829391,0.5098137896326119,0.7971816809260192,3.20231504781077,0.1,0.7493709109209864,0.49924509310518367,50709.00067102835,0.2526421741318571,0.42
13.0,236.0,3511.0,0.9894616918256907,0.9874679578467673,0.533181429792082,0.6211905440045571,3.060381657647394,0.07,0.812589005981202,0.5363144403303902,45953.7799012627,0.2916547992025064,0.43
13.0,240.0,523.0,1.0,1.0,0.734225621414914,0.9674952198852772,3.975143403441683,0.06,0.9674952198852772,0.6615678776290631,57688.55959209688,0.4608030592734226,0.11
13.0,242.0,1035.0,1.0,1.0,0.6811594202898551,0.6270531400966184,3.301449275362319,0.0,0.851207729468599,0.5246376811594203,38618.271014492755,0.09565217391304348,0.18
13.0,532.0,2158.0,1.0,0.9884151992585728,0.8368860055607044,0.8943466172381835,3.622335495829472,0.07,0.9346617238183503,0.6825764596848934,54090.50525177634,0.3229842446709917,0.22
14.0,9.0,850.0,0.5729411764705883,0.9823529411764705,0.7282352941176471,1.0,4.634117647058823,0.07,0.9494117647058824,0.9341176470588235,189096.11294117649,2.3341176470588234,0.23
14.0,18.0,1917.0,0.3985393844548774,1.0,1.0,1.0,3.522170057381325,0.11,1.0,0.8748043818466353,103285.6211093723,0.9947835159102765,0.62
14.0,105.0,907.0,1.0,1.0,0.7927232635060639,0.9768467475192943,3.486218302094818,0.06,0.9084895259095921,0.5545755237045203,61770.31073134877,0.31863285556780596,0.31
14.0,107.0,920.0,0.7293478260869565,1.0,0.9782608695652174,0.9782608695652174,3.872826086956522,0.05,1.0,0.7902173913043479,84766.67300724638,0.5532608695652174,0.34
14.0,119.0,1345.0,0.07657992565055761,1.0,1.0,1.0,3.0602230483271375,0.06,0.9762081784386617,0.8758364312267658,93125.58475836432,1.095910780669145,0.77
14.0,121.0,934.0,0.5877944325481799,1.0,0.9379014989293362,1.0,3.3704496788008567,0.0,0.9775160599571735,0.5899357601713062,64806.00124910779,0.41113490364025695,0.13
14.0,122.0,1419.0,0.2255109231853418,1.0,1.0,1.0,2.7498238195912617,0.07,1.0,0.6370683579985905,62849.583979328156,0.22973925299506695,0.26
14.0,207.0,920.0,0.5130434782608696,1.0,1.0,1.0,3.908695652173913,0.15,1.0,0.7869565217391304,106498.89311594203,1.2065217391304348,0.38
14.0,208.0,1147.0,0.5937227550130776,1.0,1.0,0.970357454228422,4.647776809067132,0.08,1.0,0.8125544899738448,113613.16557686719,1.5884917175239757,0.35
14.0,213.0,1401.0,0.17558886509635974,1.0,1.0,1.0,3.7651677373304784,0.07,0.974304068522484,0.7458957887223412,88965.77908636688,0.4782298358315489,0.3
14.0,222.0,1543.0,0.5871678548282566,1.0,1.0,1.0,3.694102397926118,0.01,0.9799092676604018,0.8042773817239145,89536.01015338085,0.8891769280622165,0.46
14.0,225.0,878.0,0.8109339407744874,1.0,0.9646924829157175,1.0,3.661731207289294,0.07,0.9726651480637813,0.6195899772209568,74166.32441154137,0.40660592255125283,0.29
15.0,1.0,243.0,0.6666666666666666,1.0,1.0,1.0,3.757201646090535,0.0,0.8806584362139918,0.46502057613168724,54151.192043895746,0.38271604938271603,0.24
15.0,104.0,1187.0,0.2586352148272957,1.0,0.9469250210614996,1.0,3.101095197978096,0.1,0.9317607413647851,0.5366470092670598,63722.833894973315,0.2055602358887953,0.35
15.0,105.0,1026.0,0.14035087719298245,1.0,1.0,1.0,3.4512670565302144,0.09,1.0,0.6286549707602339,69535.17820012996,0.4161793372319688,0.3
15.0,106.0,1160.0,0.0,1.0,1.0,1.0,2.4172413793103447,0.21,0.9,0.7956896551724137,91207.84683908046,0.6594827586206896,0.51
15.0,107.0,777.0,0.07979407979407979,1.0,1.0,1.0,2.655083655083655,0.0,1.0,0.685971685971686,53223.51522951522,0.23294723294723294,0.22
15.0,109.0,1420.0,0.3211267605633803,1.0,1.0,1.0,3.147183098591549,0.15,1.0,0.823943661971831,79702.20962441314,0.7774647887323943,0.42
15.0,110.0,451.0,0.11751662971175167,1.0,1.0,1.0,2.9578713968957873,0.18,0.9445676274944568,0.5875831485587583,79785.85661492977,0.7583148558758315,0.59
15.0,112.0,594.0,0.05723905723905724,1.0,1.0,1.0,2.1936026936026938,0.11,0.9612794612794613,0.6868686868686869,58952.653759820416,0.3888888888888889,0.4
15.0,203.0,1468.0,0.38283378746594005,1.0,1.0,0.9754768392370572,2.7711171662125342,0.07,0.9475476839237057,0.6716621253405994,65902.8766462307,0.4529972752043597,0.33
15.0,206.0,297.0,0.10437710437710437,1.0,1.0,1.0,3.259259259259259,0.0,1.0,0.5723905723905723,74935.03703703704,0.0,0.23
15.0,207.0,705.0,0.14184397163120568,1.0,1.0,1.0,3.3659574468085105,0.08,1.0,0.873758865248227,78764.53947990543,0.5886524822695035,0.41
15.0,208.0,1066.0,0.11163227016885553,1.0,1.0,1.0,2.4183864915572233,0.03,1.0,0.7420262664165104,66625.83606941838,0.29831144465290804,0.38
15.0,210.0,1488.0,0.34543010752688175,1.0,1.0,1.0,3.7251344086021505,0.12,0.9838709677419355,0.758736559139785,101100.91397849462,0.9112903225806451,0.35
15.0,211.0,803.0,0.2328767123287671,1.0,1.0,1.0,3.7061021170610213,0.12,1.0,0.797011207970112,93973.52075550021,0.6724782067247821,0.41
15.0,305.0,646.0,0.11919504643962849,1.0,1.0,1.0,3.430340557275542,0.0,0.9504643962848297,0.7832817337461301,86613.42260061919,0.9272445820433437,0.34
15.0,306.0,225.0,0.28,1.0,1.0,1.0,4.173333333333333,0.0,1.0,0.56,92256.56296296295,0.41333333333333333,0.48
16.0,1.0,702.0,1.0,1.0,0.8190883190883191,0.9529914529914529,3.5384615384615383,0.0,0.9216524216524217,0.6481481481481481,62153.3717948718,0.5370370370370371,0.15
16.0,6.0,1016.0,1.0,0.9389763779527559,0.594488188976378,0.9015748031496063,3.4330708661417324,0.0,0.9734251968503937,0.7421259842519685,56619.12204724409,0.4596456692913386,0.27
16.0,9.0,960.0,1.0,1.0,0.06145833333333333,0.4947916666666667,2.6572916666666666,0.17,0.834375,0.4395833333333333,38471.54340277778,0.11770833333333333,0.51
16.0,15.0,739.0,1.0,1.0,0.5805142083897158,0.5872801082543978,2.952638700947226,0.1,0.6116373477672531,0.15020297699594046,32860.90753270184,0.14208389715832206,0.31
16.0,16.0,1491.0,0.9832327297116029,0.9818913480885312,0.4151576123407109,0.8001341381623072,3.375586854460094,0.0,0.8712273641851107,0.6599597585513078,55604.86988598256,0.38832997987927564,0.41
16.0,17.0,143.0,1.0,1.0,0.32867132867132864,0.5594405594405595,3.8531468531468533,0.19,0.7482517482517482,1.0,47706.46153846154,0.23076923076923078,0.41
16.0,19.0,1072.0,1.0,0.9561567164179104,0.44402985074626866,0.8628731343283582,2.857276119402985,0.08,0.7985074626865671,0.2891791044776119,44717.41371268657,0.20242537313432835,0.4
16.0,22.0,2951.0,0.5181294476448661,0.9528973229413759,0.7048458149779736,0.9054557777024738,3.4086750254151137,0.02,0.8522534733988478,0.5720094883090477,53336.90686772846,0.30837004405286345,0.3
16.0,42.0,2714.0,0.9882092851879145,1.0,0.5460574797347089,0.8758290346352248,3.0261606484893147,0.01,0.9318349299926308,0.6466470154753132,54588.9484156227,0.3817243920412675,0.3
16.0,43.0,513.0,1.0,1.0,0.580896686159844,0.7641325536062378,3.3508771929824563,0.07,0.9376218323586745,0.6510721247563352,47464.20175438596,0.4327485380116959,0.37
16.0,113.0,572.0,0.10839160839160839,1.0,1.0,0.9370629370629371,2.0,0.0,0.8216783216783217,0.4178321678321678,23145.05769230769,0.0,0.17
16.0,125.0,542.0,1.0,1.0,0.5885608856088561,0.8173431734317343,2.717712177121771,0.0,0.7767527675276753,0.6014760147601476,53865.79950799508,0.30996309963099633,0.13
16.0,225.0,1647.0,1.0,0.9799635701275046,0.5112325440194293,0.7468123861566485,2.9350333940497877,0.04,0.8530661809350334,0.6363084395871281,47469.44161100991,0.22890103217972071,0.44
17.0,1.0,1545.0,1.0,1.0,0.5889967637540453,0.8161812297734627,3.0349514563106794,0.11,0.8362459546925566,0.5644012944983818,48613.681229773465,0.3061488673139159,0.45
17.0,5.0,1011.0,0.6419386745796242,0.6696340257171117,0.35410484668644904,0.8635014836795252,3.3382789317507418,0.12,0.904055390702275,0.6280909990108803,42997.40751730959,0.2997032640949555,0.25
17.0,6.0,817.0,1.0,0.9620563035495716,0.6070991432068543,0.6119951040391677,2.9363525091799265,0.0,0.8727050183598531,0.6499388004895961,44561.96756425949,0.08567931456548347,0.44
17.0,12.0,1707.0,1.0,0.9789103690685413,0.7106033977738723,0.9045108377270065,3.106033977738723,0.02,0.8728763913298184,0.7299355594610427,54404.48476859988,0.3034563561804335,0.23
17.0,26.0,1296.0,1.0,0.9475308641975309,0.7523148148148148,0.8958333333333334,2.7847222222222223,0.14,0.845679012345679,0.5964506172839507,48854.77912808642,0.29475308641975306,0.24
17.0,31.0,308.0,1.0,1.0,0.1396103896103896,0.5422077922077922,3.6818181818181817,0.13,0.698051948051948,0.6785714285714286,46350.978896103894,0.34415584415584416,0.4
17.0,32.0,279.0,0.24372759856630824,1.0,0.8960573476702509,1.0,3.369175627240143,0.14,0.7383512544802867,1.0,56347.8458781362,0.6523297491039427,0.75
17.0,42.0,1641.0,1.0,0.9622181596587447,0.31383302864107254,0.5496648385131018,2.842169408897014,0.17,0.6514320536258379,0.49055453991468617,40391.77219175299,0.28762949421084705,0.62
17.0,43.0,619.0,1.0,1.0,0.5347334410339257,0.7867528271405493,2.9709208400646205,0.06,0.7802907915993538,0.5476575121163166,58644.04200323102,0.30048465266558966,0.05
17.0,44.0,1175.0,1.0,1.0,0.6502127659574468,0.8391489361702128,3.108936170212766,0.02,0.8961702127659574,0.6272340425531915,48511.417872340426,0.2,0.11
17.0,102.0,803.0,1.0,0.9564134495641345,0.6986301369863014,0.8356164383561644,3.1780821917808217,0.0,0.9601494396014943,0.701120797011208,57019.37152345371,0.07970112079701121,0.21
17.0,103.0,3107.0,1.0,0.9942066301898937,0.5413582233665916,0.8226585130350821,3.1795944641132925,0.04,0.7698744769874477,0.5342774380431284,50595.524568179375,0.33633730286449953,0.37
17.0,111.0,970.0,1.0,0.9474226804123711,0.7536082474226804,0.9721649484536082,3.507216494845361,0.02,0.8061855670103093,0.7618556701030927,58176.692783505154,0.45257731958762887,0.31
17.0,114.0,1243.0,0.9710378117457763,1.0,0.7473853580048271,0.8728881737731295,3.0345937248592114,0.07,0.8061142397425584,0.49477071600965405,42471.75918476804,0.25502815768302495,0.33
17.0,116.0,1260.0,1.0,1.0,0.6031746031746031,0.8198412698412698,2.9119047619047618,0.08,0.7833333333333333,0.4246031746031746,55139.91547619048,0.25317460317460316,0.32
17.0,122.0,437.0,1.0,1.0,0.7780320366132724,1.0,3.5606407322654463,0.09,1.0,0.6933638443935927,69609.77879481312,0.19908466819221968,0.31
17.0,124.0,830.0,0.9566265060240964,0.9626506024096385,0.8819277108433735,0.9192771084337349,3.3650602409638553,0.0,0.8855421686746988,0.7048192771084337,60799.80401606425,0.29518072289156627,0.35
17.0,125.0,954.0,0.9737945492662474,1.0,0.8763102725366876,0.9622641509433962,2.947589098532495,0.06,0.9067085953878407,0.7358490566037735,59550.13836477987,0.22641509433962265,0.16
17.0,128.0,1831.0,0.979792463134899,1.0,0.4276351720371382,0.7089022392135446,2.612233752048061,0.13,0.7509557618787548,0.4789732386673949,43325.61906062261,0.17640633533588204,0.43
17.0,129.0,1886.0,1.0,0.9480381760339343,0.33457051961823964,0.6961823966065748,2.9740190880169672,0.12,0.7242841993637328,0.5816542948038176,44171.690261576536,0.1283138918345705,0.37
17.0,130.0,1859.0,0.9870898332436794,0.9811726734803657,0.5034965034965035,0.6568047337278107,2.8940290478752018,0.1,0.7530930607853685,0.40344271113501884,43978.45024206563,0.23292092522861754,0.52
17.0,141.0,290.0,1.0,1.0,0.15862068965517243,0.7413793103448276,3.2413793103448274,0.0,0.896551724137931,0.506896551724138,60342.07068965517,0.5689655172413793,0.06
17.0,203.0,173.0,1.0,1.0,0.6184971098265896,1.0,3.2023121387283235,0.0,1.0,0.8265895953757225,59878.743737957615,0.0,0.21
17.0,204.0,1788.0,0.9653243847874721,1.0,0.6482102908277405,0.9272930648769575,2.9541387024608503,0.05,0.9060402684563759,0.7337807606263982,60999.84004474273,0.436241610738255,0.3
17.0,207.0,1593.0,0.9748901443816698,1.0,0.5988700564971752,0.8945386064030132,3.05398618957941,0.02,0.911487758945386,0.5919648462021343,47134.68549905838,0.24858757062146894,0.26
17.0,209.0,422.0,0.9170616113744076,1.0,0.7748815165876777,1.0,3.023696682464455,0.0,0.9360189573459715,0.43601895734597157,53910.06951026856,0.22037914691943128,0.3
17.0,211.0,591.0,1.0,0.9543147208121827,0.700507614213198,0.8917089678510999,3.2622673434856178,0.0,0.9441624365482234,0.6446700507614214,48783.26339537507,0.16074450084602368,0.39
17.0,213.0,1747.0,0.9645105895821409,0.9834001144819691,0.5775615340583858,0.9467658843732112,3.2781911848883802,0.04,0.8374356038923869,0.5397824842587292,54422.24041213509,0.3714939896966228,0.3
17.0,214.0,739.0,0.0,1.0,1.0,0.9553450608930988,3.6535859269282813,0.14,0.7591339648173207,0.7537212449255751,47149.004510599916,0.31799729364005414,0.53
17.0,219.0,1329.0,0.9119638826185101,0.9841986455981941,0.5748683220466516,0.7938299473288186,2.8615500376222722,0.03,0.8886380737396539,0.6260346124905944,53501.361299222466,0.30624529721595184,0.29
17.0,222.0,1692.0,1.0,1.0,0.7907801418439716,0.890661938534279,2.940307328605201,0.03,0.7884160756501182,0.5809692671394799,49267.85983057526,0.16193853427895982,0.23
17.0,223.0,282.0,1.0,1.0,0.5460992907801419,1.0,2.9893617021276597,0.0,1.0,0.5921985815602837,48029.425531914894,0.24822695035460993,0.25
17.0,225.0,1769.0,0.9802148106274732,0.9609949123798757,0.7817976257772753,0.7959299039005088,2.831543244771057,0.08,0.8716789146410401,0.537591859807801,48088.583192010556,0.32278123233465233,0.33
17.0,228.0,1604.0,0.8422693266832918,0.9395261845386533,0.13029925187032418,0.523067331670823,3.1390274314214466,0.14,0.7238154613466334,0.44389027431421446,40447.94970906068,0.18017456359102244,0.58
17.0,229.0,447.0,0.7695749440715883,1.0,0.4742729306487696,0.8366890380313199,3.1543624161073827,0.0,0.6666666666666666,0.5659955257270693,36886.60850111857,0.1610738255033557,0.48
17.0,230.0,1127.0,1.0,0.8828748890860693,0.19520851818988466,0.5740905057675244,2.9485359361135757,0.06,0.6832298136645962,0.47914818101153506,39326.77586512866,0.12156166814551908,0.47
17.0,240.0,482.0,1.0,0.8817427385892116,0.0975103734439834,0.5643153526970954,2.8568464730290457,0.0,0.6431535269709544,0.4315352697095436,37561.89937759336,0.08298755186721991,0.31
17.0,241.0,1635.0,1.0,1.0,0.2397553516819572,0.4599388379204893,3.058103975535168,0.0,0.7516819571865443,0.4935779816513762,44790.510703363914,0.13333333333333333,0.47
17.0,303.0,454.0,1.0,0.9185022026431718,0.5418502202643172,0.5814977973568282,2.894273127753304,0.0,0.6365638766519823,0.552863436123348,37651.166299559474,0.43171806167400884,0.26
17.0,341.0,1687.0,1.0,0.9869590989922941,0.5074096028452875,0.7860106698280972,3.06520450503853,0.04,0.7990515708358032,0.4991108476585655,47175.25627346375,0.24244220509780676,0.26
17.0,430.0,122.0,0.29508196721311475,1.0,1.0,0.4918032786885246,3.3114754098360657,0.2,0.4918032786885246,0.4918032786885246,25195.147540983606,0.0,1.0
18.0,10.0,121.0,0.2396694214876033,1.0,1.0,1.0,2.958677685950413,0.0,1.0,1.0,106833.87603305785,0.7603305785123967,0.45
18.0,31.0,1341.0,0.38926174496644295,1.0,1.0,1.0,3.7360178970917226,0.1,0.9574944071588367,0.8888888888888888,148480.7110365399,1.005965697240865,0.28
18.0,103.0,1011.0,0.27695351137487634,1.0,1.0,1.0,4.109792284866469,0.09,0.9772502472799208,0.8674579624134521,143273.32195845697,0.7398615232443125,0.32
18.0,104.0,1367.0,0.03730797366495977,1.0,1.0,0.9751280175566935,3.8324798829553766,0.17,0.9246525237746891,0.9707388441843453,145587.37344550109,0.5186539868324799,0.39
18.0,106.0,496.0,0.0,1.0,1.0,1.0,3.941532258064516,0.19,0.9455645161290323,0.9596774193548387,135417.95866935485,0.6270161290322581,0.03
18.0,107.0,1275.0,0.0,1.0,1.0,1.0,3.248627450980392,0.17,0.9827450980392157,0.8980392156862745,124536.03725490198,0.6909803921568628,0.18
18.0,108.0,362.0,0.287292817679558,1.0,1.0,1.0,4.071823204419889,0.15,0.6988950276243094,0.9447513812154696,144635.2573664825,1.1740331491712708,0.3
18.0,111.0,2997.0,0.06006006006006006,1.0,1.0,1.0,3.1378044711378044,0.22,0.98998998998999,0.9172505839172506,132876.66299632966,0.7040373707040374,0.42
18.0,112.0,1561.0,0.5426008968609866,1.0,0.9814221652786675,1.0,4.146700832799487,0.05,0.9634849455477258,0.7860345932094811,142020.81849241938,0.866111467008328,0.28
18.0,113.0,195.0,0.0,1.0,1.0,1.0,2.7487179487179487,0.29,0.8512820512820513,0.7846153846153846,123320.15726495725,0.4666666666666667,0.0
18.0,114.0,1526.0,0.019659239842726082,1.0,1.0,1.0,4.389908256880734,0.07,0.9416775884665793,0.9331585845347313,153356.624399301,1.0078636959370904,0.25
18.0,115.0,887.0,0.03269447576099211,1.0,1.0,1.0,2.8771138669673055,0.07,0.9673055242390078,0.8004509582863585,84015.54077414505,0.6865839909808342,0.33
18.0,116.0,723.0,0.4536652835408022,1.0,1.0,1.0,4.3112033195020745,0.07,0.9585062240663901,0.9723374827109267,144036.5479483633,0.44398340248962653,0.26
18.0,117.0,2236.0,0.37298747763864043,1.0,0.9856887298747764,0.9856887298747764,3.8653846153846154,0.07,0.8568872987477638,0.8828264758497316,126208.70475551579,0.9467799642218246,0.34
18.0,122.0,1479.0,0.17985125084516565,1.0,1.0,1.0,3.716024340770791,0.13,0.982420554428668,0.8025693035835023,119746.4243858463,0.6382691007437458,0.56
18.0,124.0,1955.0,0.3979539641943734,1.0,0.9744245524296675,1.0,3.278772378516624,0.11,0.9785166240409208,0.689002557544757,80312.6032395567,0.5964194373401535,0.41
18.0,125.0,1410.0,0.07446808510638298,1.0,1.0,1.0,3.3907801418439716,0.12,0.9014184397163121,0.8773049645390071,121445.7536643026,0.35390070921985817,0.34
18.0,126.0,105.0,1.0,1.0,1.0,1.0,3.295238095238095,0.15,1.0,0.6,94014.01587301589,1.8,0.6
18.0,127.0,407.0,0.19656019656019655,1.0,1.0,1.0,3.574938574938575,0.0,1.0,0.7886977886977887,83331.80589680589,0.7985257985257985,0.44
18.0,128.0,607.0,0.0,1.0,1.0,1.0,3.113673805601318,0.06,0.9604612850082372,0.8682042833607908,87941.57221306974,1.0823723228995057,0.5
18.0,201.0,396.0,0.3484848484848485,1.0,1.0,1.0,2.8661616161616164,0.08,1.0,0.9621212121212122,120810.23106060606,0.5858585858585859,0.61
18.0,202.0,779.0,0.0,1.0,1.0,1.0,4.997432605905006,0.14,0.9435173299101413,0.975609756097561,203832.84788189988,1.3350449293966624,0.22
18.0,203.0,836.0,0.0,1.0,1.0,1.0,3.5729665071770333,0.13,0.9150717703349283,1.0,146728.7990430622,0.5909090909090909,0.25
18.0,205.0,1049.0,0.0,1.0,1.0,1.0,2.6396568160152527,0.47,1.0,0.8503336510962822,103886.37639021291,0.5891325071496664,0.69
18.0,206.0,250.0,0.0,1.0,1.0,1.0,3.984,0.1,0.728,1.0,155050.78,0.748,0.12
18.0,207.0,1360.0,0.0,1.0,1.0,1.0,3.4316176470588236,0.09,0.9441176470588235,0.9154411764705882,119269.77254901962,0.7977941176470589,0.35
18.0,208.0,127.0,0.0,1.0,1.0,1.0,4.582677165354331,0.0,1.0,0.7637795275590551,221583.84251968504,0.5905511811023622,0.0
18.0,211.0,545.0,0.673394495412844,1.0,1.0,1.0,3.5577981651376147,0.05,1.0,0.8623853211009175,85347.43914373088,1.1944954128440366,0.38
18.0,212.0,1392.0,0.4375,1.0,1.0,1.0,3.9454022988505746,0.12,0.9791666666666666,0.8943965517241379,126784.64691091955,1.2097701149425288,0.46
18.0,213.0,812.0,0.03694581280788178,1.0,1.0,1.0,4.716748768472907,0.11,0.9322660098522167,1.0,234372.40968801317,0.9495073891625616,0.22
18.0,214.0,710.0,0.0,1.0,1.0,1.0,3.3211267605633803,0.07,0.9591549295774648,0.9422535211267605,119696.35727699529,0.9183098591549296,0.38
18.0,215.0,797.0,0.30614805520702637,1.0,1.0,1.0,4.545796737766625,0.06,0.9372647427854455,0.9360100376411543,176323.59368465075,1.3814303638644918,0.32
18.0,218.0,1050.0,0.680952380952381,1.0,1.0,1.0,3.9971428571428573,0.07,0.8704761904761905,0.82,147433.00277777776,1.0609523809523809,0.25
18.0,219.0,1004.0,0.3954183266932271,1.0,1.0,1.0,4.499003984063745,0.11,0.9163346613545816,0.9352589641434262,154042.09893758298,0.7938247011952191,0.21
18.0,222.0,1196.0,0.030100334448160536,1.0,1.0,1.0,3.44314381270903,0.07,0.9724080267558528,0.8536789297658863,129551.85298216276,1.1839464882943145,0.67
18.0,224.0,1386.0,0.443001443001443,1.0,1.0,1.0,3.4386724386724388,0.08,0.9848484848484849,0.8051948051948052,83552.07467532468,0.5937950937950938,0.41
18.0,226.0,331.0,0.3293051359516616,1.0,1.0,1.0,3.3293051359516617,0.06,1.0,0.7945619335347432,79362.63544813695,0.540785498489426,0.59
18.0,229.0,1037.0,0.28254580520732886,1.0,1.0,1.0,3.687560270009643,0.07,0.9787849566055931,0.8418514946962391,102268.37512054002,0.6364513018322083,0.27
18.0,306.0,1573.0,0.03877940241576605,1.0,1.0,1.0,4.617291799109981,0.08,0.9682136045772409,0.9523204068658614,164801.32739987285,0.6395422759059123,0.14
18.0,321.0,1003.0,0.0,1.0,1.0,1.0,2.4995014955134596,0.23,0.9690927218344965,0.9102691924227319,94111.98222000666,0.6420737786640079,0.65
19.0,8.0,1833.0,0.8707037643207856,1.0,0.9803600654664485,1.0,3.404255319148936,0.13,0.9885433715220949,0.7359519912711402,74861.96963084197,0.536279323513366,0.26
19.0,10.0,844.0,0.8791469194312796,1.0,1.0,1.0,3.6504739336492893,0.04,1.0,0.6540284360189573,61473.303317535545,0.5059241706161137,0.23
19.0,13.0,1543.0,0.6422553467271549,1.0,1.0,1.0,2.8587167854828257,0.1,0.9650032404407,0.6370706416072586,60892.87319075394,0.5042125729099157,0.33
19.0,15.0,449.0,0.8641425389755011,1.0,0.8663697104677061,1.0,2.9265033407572383,0.21,0.8663697104677061,0.6659242761692651,58302.43132887899,0.48775055679287305,0.35
19.0,205.0,832.0,0.9170673076923077,1.0,1.0,1.0,3.25,0.04,0.9567307692307693,0.7199519230769231,65158.418269230766,0.2512019230769231,0.21
19.0,206.0,124.0,0.0,1.0,1.0,1.0,2.653225806451613,0.48,1.0,1.0,80724.57258064517,0.4435483870967742,0.83
19.0,212.0,829.0,0.7768395657418576,1.0,0.9613992762364294,1.0,3.290711700844391,0.12,0.8468033775633294,0.7249698431845597,77421.4933655006,0.37394451145958985,0.2
20.0,4.0,868.0,0.9585253456221198,1.0,0.8271889400921659,0.9274193548387096,3.065668202764977,0.11,0.9066820276497696,0.6889400921658986,53112.615975422435,0.3790322580645161,0.48
20.0,7.0,1086.0,1.0,1.0,0.8821362799263351,1.0,3.4935543278084715,0.03,0.9438305709023941,0.7016574585635359,53655.11878453039,0.42357274401473294,0.22
20.0,10.0,785.0,0.9554140127388535,0.954140127388535,0.689171974522293,0.954140127388535,3.5388535031847135,0.0,0.913375796178344,0.7732484076433122,60371.88832271763,0.7439490445859872,0.25
20.0,13.0,672.0,1.0,1.0,0.6815476190476191,0.9747023809523809,3.2738095238095237,0.15,0.9270833333333334,0.7544642857142857,55143.53472222221,0.42857142857142855,0.27
20.0,14.0,266.0,1.0,1.0,0.8383458646616542,1.0,3.8721804511278197,0.08,0.9210526315789473,0.6428571428571429,70670.31390977444,0.6992481203007519,0.23
20.0,15.0,706.0,1.0,1.0,0.8101983002832861,1.0,3.4660056657223794,0.04,0.9249291784702549,0.8087818696883853,56864.07695939566,0.6529745042492918,0.09
20.0,20.0,1271.0,1.0,1.0,0.8662470495672698,0.983477576711251,3.3949645948072384,0.07,0.962234461054288,0.7686860739575138,72808.34880671388,0.6821400472069237,0.24
20.0,23.0,2098.0,0.982840800762631,0.9661582459485224,0.4580552907530982,0.7326024785510009,3.3612964728312678,0.08,0.8717826501429933,0.6777883698760725,55810.563139497935,0.4489990467111535,0.38
20.0,24.0,1071.0,1.0,1.0,0.5611577964519141,0.7843137254901961,2.9953314659197012,0.03,0.7376283846872083,0.48366013071895425,48651.00809212575,0.3865546218487395,0.47
20.0,26.0,403.0,1.0,1.0,1.0,1.0,3.3076923076923075,0.08,0.9454094292803971,0.7890818858560794,68176.6476426799,0.7419354838709677,0.13
20.0,27.0,1892.0,1.0,1.0,0.6802325581395349,0.86892177589852,3.2341437632135306,0.04,0.9106765327695561,0.5671247357293869,51420.46018322763,0.4371035940803383,0.28
20.0,29.0,1057.0,1.0,0.9697256385998108,0.48628192999053926,0.9262062440870388,3.4191106906338695,0.0,0.9810785241248817,0.651844843897824,62938.23052664775,0.25922421948912017,0.29
20.0,34.0,1627.0,0.690842040565458,1.0,0.9219422249539029,1.0,3.763982790411801,0.05,0.956361401352182,0.7658266748617086,88412.61216963737,0.8862937922556853,0.38
20.0,35.0,584.0,1.0,1.0,0.9075342465753424,1.0,3.9006849315068495,0.1,0.9571917808219178,0.7243150684931506,74617.9960045662,0.6061643835616438,0.17
20.0,37.0,1412.0,0.8725212464589235,0.9858356940509915,0.7776203966005666,0.9589235127478754,3.759915014164306,0.07,0.9801699716713881,0.7216713881019831,61968.31657223796,0.47592067988668557,0.41
20.0,41.0,1764.0,0.0873015873015873,1.0,1.0,1.0,3.549886621315193,0.08,0.9795918367346939,0.8962585034013606,72356.08352229782,0.6150793650793651,0.57
20.0,46.0,856.0,0.0,1.0,0.8376168224299065,1.0,2.883177570093458,0.04,1.0,0.8411214953271028,54500.77278037383,0.19626168224299065,0.36
20.0,47.0,373.0,1.0,1.0,0.8337801608579088,0.9115281501340483,3.1983914209115283,0.25,1.0,0.7453083109919572,65953.99731903485,0.44235924932975873,0.26
20.0,49.0,840.0,1.0,1.0,0.805952380952381,0.8809523809523809,3.1892857142857145,0.07,0.9273809523809524,0.7547619047619047,63027.74047619047,0.6202380952380953,0.21
20.0,122.0,687.0,1.0,1.0,0.7656477438136827,1.0,3.2547307132459973,0.0,0.9184861717612809,0.7991266375545851,61082.17515769044,0.5836972343522562,0.33
20.0,125.0,693.0,1.0,0.898989898989899,0.746031746031746,1.0,3.7215007215007216,0.0,0.9134199134199135,0.7777777777777778,53630.63924963925,0.3823953823953824,0.16
20.0,130.0,1699.0,0.08769864626250735,1.0,0.8428487345497352,0.9134785167745733,3.628016480282519,0.05,0.9676280164802825,0.7763390229546793,77838.59603688444,0.5456150676868746,0.25
20.0,131.0,626.0,0.8178913738019169,1.0,0.8722044728434505,1.0,3.252396166134185,0.05,0.9744408945686901,0.5846645367412141,51253.994142705,0.3450479233226837,0.21
20.0,132.0,464.0,0.04741379310344827,1.0,1.0,1.0,2.0,0.05,1.0,0.24568965517241378,28849.357040229883,0.09051724137931035,0.39
20.0,145.0,879.0,1.0,0.9601820250284414,0.7337883959044369,0.9180887372013652,3.616609783845279,0.04,0.8156996587030717,0.6245733788395904,68260.4385665529,0.8156996587030717,0.32
20.0,222.0,855.0,0.92046783625731,0.9672514619883041,0.47485380116959064,0.9672514619883041,3.423391812865497,0.0,0.9707602339181286,0.6467836257309941,59496.42378167641,0.5029239766081871,0.3
20.0,232.0,1581.0,0.9652118912080961,1.0,0.8115117014547755,1.0,3.3225806451612905,0.01,0.9867172675521821,0.7602783048703352,67393.87750368964,0.592662871600253,0.25
21.0,5.0,631.0,1.0,1.0,0.7638668779714739,1.0,3.410459587955626,0.0,1.0,0.7242472266244057,63121.973058637086,0.6973058637083994,0.1
21.0,16.0,363.0,1.0,1.0,0.6639118457300276,0.9090909090909091,3.4104683195592287,0.0,1.0,0.8071625344352618,72937.31542699724,0.931129476584022,0.53
21.0,17.0,542.0,1.0,1.0,0.7564575645756457,0.9630996309963099,3.0977859778597785,0.0,0.9630996309963099,0.9169741697416974,53925.17896678967,0.4907749077490775,0.27
21.0,19.0,1170.0,1.0,1.0,0.7752136752136752,0.9256410256410257,3.4564102564102566,0.0,0.9811965811965812,0.5786324786324787,57025.38148148148,0.30854700854700856,0.3
21.0,21.0,875.0,1.0,0.9577142857142857,0.7588571428571429,0.7611428571428571,3.3405714285714287,0.04,0.9577142857142857,0.6274285714285714,54244.275428571425,0.4125714285714286,0.3
21.0,24.0,372.0,1.0,1.0,0.9139784946236559,1.0,3.8306451612903225,0.09,0.8602150537634409,0.49731182795698925,73210.29390681004,0.45161290322580644,0.24
21.0,31.0,1318.0,0.6069802731411229,0.9757207890743551,0.7534142640364189,0.9446130500758725,3.7807283763277693,0.02,0.960546282245827,0.7830045523520486,73638.605209914,0.9256449165402124,0.28
21.0,33.0,1897.0,0.7754348972061149,1.0,0.7306273062730627,0.9715340010542962,3.6204533473906166,0.05,0.9541381128096995,0.7775434897206115,71356.43155860131,0.8313125988402741,0.26
21.0,34.0,723.0,1.0,1.0,0.8727524204702628,0.9654218533886584,3.4716459197787,0.03,1.0,0.7496542185338866,55273.27455048409,0.6846473029045643,0.42
21.0,35.0,844.0,0.9680094786729858,0.9739336492890995,0.7511848341232228,0.9597156398104265,3.3127962085308056,0.0,0.9739336492890995,0.6718009478672986,63472.80608214849,0.5343601895734598,0.38
21.0,39.0,1048.0,0.8272900763358778,1.0,0.8797709923664122,1.0,4.0,0.03,1.0,0.7337786259541985,98513.95101781169,1.16793893129771,0.16
21.0,40.0,1894.0,0.8986272439281943,1.0,0.8922914466737064,0.986272439281943,3.9535374868004225,0.05,0.928194297782471,0.7275607180570222,83722.61244280184,0.781414994720169,0.25
21.0,47.0,1658.0,0.1519903498190591,1.0,0.770205066344994,0.7509047044632087,3.1103739445114598,0.03,0.8872135102533173,0.46984318455971047,47908.2998592682,0.2436670687575392,0.44
21.0,48.0,1435.0,1.0,1.0,0.6522648083623693,0.9170731707317074,3.257142857142857,0.04,0.8494773519163763,0.4815331010452962,58374.16608594657,0.2564459930313589,0.14
21.0,104.0,701.0,1.0,1.0,0.8131241084165478,0.9144079885877318,3.410841654778887,0.07,0.8887303851640513,0.6619115549215406,73609.67570137898,0.7845934379457917,0.2
21.0,122.0,190.0,1.0,1.0,0.9105263157894737,0.8947368421052632,2.6736842105263157,0.0,1.0,0.9105263157894737,48436.42105263158,0.5052631578947369,0.55
21.0,128.0,433.0,1.0,0.8475750577367206,0.0,0.23787528868360278,2.92378752886836,0.39,0.47113163972286376,0.3187066974595843,48037.285219399535,0.08545034642032333,0.47
21.0,129.0,535.0,0.0,1.0,1.0,1.0,2.919626168224299,0.0,1.0,0.7626168224299066,61635.99750778816,0.2953271028037383,0.22
21.0,130.0,1504.0,0.6449468085106383,0.9860372340425532,0.7679521276595744,0.9654255319148937,3.1003989361702127,0.07,0.9787234042553191,0.5871010638297872,57709.22395833334,0.38430851063829785,0.24
21.0,144.0,1430.0,0.9622377622377623,1.0,0.7146853146853147,0.916083916083916,3.335664335664336,0.05,0.8573426573426574,0.5783216783216784,66137.26876456877,0.5685314685314685,0.28
21.0,146.0,2871.0,0.8951584813653779,1.0,0.5158481365377917,0.7969348659003831,3.1497735980494603,0.03,0.7913618948101707,0.5454545454545454,48716.46662022524,0.2546151166840822,0.34
21.0,204.0,278.0,1.0,1.0,0.7122302158273381,1.0,3.4784172661870505,0.0,1.0,0.39928057553956836,40150.57194244604,0.4712230215827338,0.37
21.0,215.0,746.0,0.9584450402144772,1.0,0.8297587131367292,0.953083109919571,3.719839142091153,0.09,1.0,0.7587131367292225,73453.50178731009,0.5630026809651475,0.21
21.0,222.0,74.0,1.0,1.0,0.0,0.4864864864864865,3.972972972972973,0.49,1.0,0.5135135135135135,23909.945945945947,0.0,1.0
21.0,225.0,1066.0,0.974671669793621,1.0,0.8133208255159474,0.9709193245778611,3.579737335834897,0.11,0.948405253283302,0.5365853658536586,61818.03408380238,0.49343339587242024,0.21
21.0,228.0,1117.0,0.9677708146821844,1.0,0.9776186213070726,0.891674127126231,3.2909579230080572,0.0,1.0,0.7332139659803044,66749.26589077887,0.5872873769024172,0.31
21.0,229.0,2384.0,0.0,1.0,1.0,0.9878355704697986,2.8317953020134228,0.02,0.964765100671141,0.6115771812080537,52868.29670022371,0.4303691275167785,0.32
21.0,232.0,1429.0,0.07137858642407278,1.0,1.0,1.0,3.636109167249825,0.04,0.9769069279216235,0.9237228831350595,73840.30324236062,0.6452064380685795,0.23
22.0,7.0,969.0,1.0,1.0,0.7316821465428277,1.0,3.478844169246646,0.02,0.9205366357069144,0.5748194014447885,65117.163054695564,0.6615067079463365,0.3
22.0,9.0,158.0,1.0,1.0,0.41139240506329117,0.6075949367088608,3.2468354430379747,0.0,1.0,0.4430379746835443,65172.056962025315,0.4177215189873418,0.23
22.0,11.0,587.0,1.0,1.0,0.6831345826235093,0.9454855195911414,2.9522998296422487,0.0,0.8262350936967632,0.5161839863713799,51548.18398637138,0.17035775127768313,0.0
22.0,17.0,805.0,1.0,1.0,0.9130434782608695,1.0,2.932919254658385,0.04,0.9602484472049689,0.7739130434782608,53720.19254658385,0.1565217391304348,0.27
22.0,21.0,679.0,0.8055964653902798,1.0,0.9219440353460973,1.0,2.6553755522827687,0.03,1.0,0.6966126656848306,59104.640893470794,0.15905743740795286,0.25
22.0,22.0,935.0,1.0,1.0,0.532620320855615,0.9732620320855615,3.0962566844919786,0.06,0.7540106951871658,0.36470588235294116,49833.172549019604,0.22566844919786097,0.16
22.0,24.0,325.0,0.09846153846153846,1.0,1.0,1.0,3.36,0.15,1.0,0.7261538461538461,91280.60717948718,0.8584615384615385,0.0
22.0,26.0,1334.0,0.7241379310344828,0.9880059970014993,0.9137931034482759,0.9760119940029985,2.913793103448276,0.03,0.9497751124437781,0.8545727136431784,72800.8328335832,0.5712143928035982,0.23
22.0,27.0,390.0,0.3384615384615385,1.0,1.0,1.0,3.4384615384615387,0.0,1.0,0.9461538461538461,84546.20085470084,0.7461538461538462,0.22
22.0,29.0,285.0,0.775438596491228,1.0,1.0,1.0,4.242105263157895,0.0,1.0,0.8491228070175438,83925.3807017544,1.119298245614035,0.3
22.0,31.0,1619.0,0.8925262507720816,0.9820877084620135,0.6312538604076591,0.9382334774552192,2.928350833848054,0.02,0.9320568252007412,0.5978999382334774,57150.11056207536,0.4768375540457072,0.22
22.0,102.0,1595.0,0.915987460815047,0.9579937304075236,0.747962382445141,0.9316614420062695,3.1003134796238245,0.1,0.8884012539184953,0.5830721003134797,61031.54440961338,0.29153605015673983,0.27
22.0,114.0,610.0,0.9459016393442623,1.0,0.8672131147540983,1.0,3.283606557377049,0.0,0.8377049180327869,0.5573770491803278,56026.304371584694,0.5491803278688525,0.1
22.0,120.0,1371.0,0.31947483588621445,1.0,0.9482129832239241,0.975929978118162,2.3668854850474106,0.02,1.0,0.4420131291028446,44185.33296863603,0.21079504011670314,0.2
22.0,202.0,2007.0,0.9880418535127056,0.9900348779272546,0.8465371200797209,0.9730941704035875,3.225710014947683,0.01,0.9546586945690084,0.794718485301445,66205.31871782096,0.6223218734429496,0.2
22.0,205.0,1512.0,0.792989417989418,1.0,0.8379629629629629,1.0,2.9107142857142856,0.06,0.955026455026455,0.7294973544973545,66446.08509700176,0.4041005291005291,0.29
22.0,218.0,961.0,0.8439125910509886,0.9791883454734651,0.8657648283038502,0.959417273673257,3.1789802289281996,0.03,0.9656607700312175,0.8074921956295525,66999.48647242456,0.6992715920915713,0.27
22.0,225.0,1269.0,0.847123719464145,1.0,0.8975571315996848,1.0,3.259259259259259,0.1,1.0,0.806146572104019,77701.29682164434,0.7241922773837668,0.32
22.0,228.0,566.0,1.0,1.0,0.9434628975265018,1.0,3.863957597173145,0.05,1.0,0.7173144876325088,77230.3300942285,1.040636042402827,0.4
22.0,230.0,617.0,0.9043760129659644,1.0,0.9076175040518638,1.0,3.364667747163695,0.0,0.8833063209076175,0.646677471636953,55256.03754727175,0.49270664505672607,0.22
23.0,4.0,1060.0,0.029245283018867925,1.0,1.0,1.0,2.8047169811320756,0.06,1.0,0.9641509433962264,93608.21635220127,0.9283018867924528,0.62
23.0,106.0,2557.0,0.530308955807587,1.0,1.0,0.9878764176769652,3.39773171685569,0.07,0.9777082518576456,0.7524442706296441,77684.45359144831,0.6155651153695737,0.32
23.0,109.0,1683.0,0.3345216874628639,1.0,0.988116458704694,1.0,3.064171122994652,0.16,0.9815805109922757,0.7890671420083185,79397.01039809863,0.5347593582887701,0.3
23.0,111.0,495.0,0.0,1.0,1.0,1.0,3.6686868686868688,0.05,0.9292929292929293,0.8767676767676768,125795.45757575758,0.9151515151515152,0.17
23.0,112.0,967.0,1.0,1.0,0.96794208893485,1.0,3.831437435367115,0.06,0.9793174767321613,0.8345398138572906,82274.48155808341,0.9451913133402275,0.37
23.0,201.0,521.0,0.0,1.0,1.0,1.0,2.404990403071017,0.08,1.0,0.8829174664107485,62329.68522072936,0.5316698656429942,0.32
23.0,211.0,1518.0,0.42160737812911725,1.0,1.0,1.0,2.8926218708827403,0.14,1.0,0.7167325428194994,72965.75494071146,0.6666666666666666,0.5
23.0,212.0,947.0,0.4498416050686378,1.0,1.0,1.0,3.289334741288279,0.14,1.0,0.7803590285110876,89226.72368884196,0.45406546990496305,0.46
24.0,3.0,646.0,0.8359133126934984,1.0,0.9829721362229102,1.0,4.65015479876161,0.17,0.9690402476780186,0.868421052631579,116318.38119195047,1.0804953560371517,0.49
24.0,27.0,397.0,0.22418136020151133,1.0,1.0,1.0,3.2720403022670026,0.11,0.9193954659949622,0.707808564231738,69960.86397984886,1.057934508816121,0.38
24.0,101.0,699.0,0.044349070100143065,1.0,1.0,1.0,3.4892703862660945,0.12,1.0,0.9012875536480687,105307.41249403912,0.8669527896995708,0.48
24.0,102.0,1401.0,0.09707351891506068,1.0,1.0,1.0,4.164882226980728,0.08,0.961456102783726,0.9014989293361885,131945.03836545328,0.7751605995717344,0.39
24.0,108.0,1395.0,0.47168458781362005,1.0,1.0,1.0,3.62078853046595,0.11,0.9612903225806452,0.8853046594982079,110771.17759856631,0.6422939068100358,0.22
24.0,109.0,528.0,0.3712121212121212,1.0,1.0,1.0,3.8428030303030303,0.15,1.0,1.0,116177.2297979798,1.2007575757575757,0.58
24.0,111.0,280.0,0.0,1.0,1.0,1.0,2.7785714285714285,0.12,1.0,0.7857142857142857,57925.85119047619,0.4928571428571429,0.16
24.0,112.0,2516.0,0.19038155802861687,1.0,1.0,1.0,3.18362480127186,0.08,1.0,0.8477742448330684,99815.13275039746,0.7062798092209857,0.44
24.0,114.0,1333.0,0.26481620405101275,1.0,1.0,1.0,3.585146286571643,0.07,0.9744936234058514,0.8604651162790697,104478.81182795698,0.8852213053263316,0.62
24.0,117.0,1259.0,0.14773629864972201,1.0,1.0,1.0,2.778395552025417,0.09,1.0,0.7633042096902304,76438.5096637543,0.5861795075456712,0.51
24.0,118.0,548.0,0.9562043795620438,1.0,1.0,1.0,3.4671532846715327,0.04,1.0,0.8521897810218978,75289.32694647202,1.0291970802919708,0.35
24.0,120.0,846.0,0.7163120567375887,1.0,1.0,1.0,4.117021276595745,0.07,1.0,0.7813238770685579,123781.41371158393,0.9940898345153665,0.32
24.0,125.0,913.0,0.8565169769989047,1.0,1.0,1.0,3.750273822562979,0.04,1.0,0.8017524644030668,95504.72690763051,1.1161007667031764,0.44
24.0,202.0,1793.0,0.04182933630786392,1.0,1.0,1.0,4.116564417177914,0.1,0.9486893474623536,0.9118795315114333,143706.66824688605,0.5108756274400447,0.18
24.0,207.0,770.0,0.7168831168831169,1.0,1.0,1.0,3.7376623376623375,0.0,1.0,0.7051948051948052,108193.42424242425,1.0207792207792208,0.3
24.0,210.0,1982.0,0.4298688193743693,1.0,1.0,1.0,3.3869828456104942,0.11,1.0,0.9228052472250252,111577.19525731585,1.144803229061554,0.46
24.0,211.0,1747.0,0.25300515168860904,1.0,1.0,1.0,3.372066399542072,0.12,0.9742415569547797,0.8506010303377218,106435.29793932456,1.0194619347452776,0.54
24.0,213.0,400.0,0.6725,1.0,0.935,1.0,3.005,0.13,0.8525,0.755,88718.74583333332,0.565,0.49
24.0,215.0,990.0,0.897979797979798,1.0,0.9787878787878788,1.0,4.096969696969697,0.02,1.0,0.8171717171717172,115935.97584175084,1.0797979797979798,0.27
24.0,217.0,1332.0,0.5,1.0,0.9294294294294294,1.0,3.234234234234234,0.09,1.0,0.7162162162162162,75424.96546546546,0.3993993993993994,0.25
24.0,219.0,804.0,0.8407960199004975,1.0,0.9564676616915423,1.0,3.72636815920398,0.03,1.0,0.7201492537313433,78256.79643449419,0.7164179104477612,0.32
24.0,221.0,1902.0,0.6214511041009464,0.9831756046267087,0.9652996845425867,0.9831756046267087,3.404311251314406,0.13,0.9500525762355415,0.7681388012618297,89051.78829302489,0.6898002103049422,0.44
24.0,223.0,339.0,0.8702064896755162,1.0,1.0,1.0,3.75811209439528,0.09,1.0,0.7079646017699115,88481.73352999016,0.8997050147492626,0.55
24.0,224.0,1076.0,0.9442379182156134,0.9721189591078067,0.9721189591078067,1.0,3.308550185873606,0.08,0.9488847583643123,0.7267657992565055,71868.23234200744,0.6663568773234201,0.34
24.0,225.0,1470.0,0.7673469387755102,1.0,0.9748299319727891,1.0,3.410204081632653,0.07,0.9666666666666667,0.8605442176870748,100116.47993197279,1.1224489795918366,0.37
24.0,318.0,885.0,0.0,1.0,1.0,1.0,3.464406779661017,0.04,1.0,0.8101694915254237,82107.77344632769,0.6610169491525424,0.45
99.0,24.0,887.0,1.0,0.939120631341601,0.7508455467869222,0.9402480270574972,3.4847801578354,0.08,0.8556933483652762,0.7282976324689966,55152.16459977452,0.22435174746335965,0.38
99.0,40.0,1489.0,0.9832102081934184,0.9785090664875755,0.6991269308260577,1.0,2.930826057756884,0.04,0.9503022162525184,0.6635325721961047,50132.76539064248,0.5097380792478173,0.21
99.0,42.0,534.0,1.0,1.0,0.8333333333333334,0.9344569288389513,3.4794007490636703,0.0,0.8220973782771536,0.6423220973782772,64460.049625468164,0.6235955056179775,0.49
99.0,43.0,367.0,1.0,1.0,0.8038147138964578,0.8446866485013624,3.422343324250681,0.07,1.0,0.5367847411444142,46381.062670299725,0.26975476839237056,0.57
99.0,46.0,424.0,0.9386792452830188,1.0,0.5235849056603774,1.0,2.580188679245283,0.0,0.6768867924528302,0.7429245283018868,43932.60141509434,0.13679245283018868,0.27
99.0,47.0,208.0,0.8317307692307693,1.0,0.0,0.8365384615384616,2.923076923076923,0.0,0.7163461538461539,0.6682692307692307,32753.884615384617,0.10576923076923077,0.11
99.0,53.0,312.0,1.0,1.0,1.0,1.0,3.4551282051282053,0.1,0.7852564102564102,0.782051282051282,66839.91185897436,0.9038461538461539,0.1
99.0,54.0,973.0,1.0,1.0,0.7831449126413155,0.9445015416238438,3.0760534429599176,0.0,1.0,0.48201438848920863,57317.87050359712,0.605344295991778,0.16
99.0,56.0,754.0,1.0,0.9509283819628647,0.38992042440318303,0.7824933687002652,3.003978779840849,0.13,0.8859416445623343,0.4854111405835544,40604.12798408488,0.07161803713527852,0.19
99.0,57.0,1498.0,1.0,0.9819759679572764,0.7129506008010681,0.8184245660881175,2.9472630173564753,0.02,0.8257676902536716,0.664218958611482,53384.312194036494,0.30040053404539385,0.23
99.0,64.0,775.0,0.0,1.0,0.96,1.0,3.554838709677419,0.03,1.0,0.7225806451612903,63315.86064516129,0.2864516129032258,0.18
99.0,72.0,490.0,1.0,1.0,0.5897959183673469,0.8693877551020408,3.320408163265306,0.0,0.7979591836734694,0.8040816326530612,57224.79489795918,0.3306122448979592,0.21
99.0,75.0,2342.0,1.0,0.9701110162254484,0.5512382578992314,0.8193851409052092,3.2865072587532023,0.01,0.9363791631084543,0.6750640478223741,55452.68524053516,0.3334756618274979,0.23
99.0,99.0,1157.0,1.0,0.9723422644770959,0.4658599827139153,0.6594641313742438,3.070872947277442,0.07,0.7061365600691444,0.5229040622299049,42832.12705272256,0.05704407951598963,0.34
99.0,125.0,254.0,1.0,0.8582677165354331,0.6377952755905512,1.0,3.338582677165354,0.0,1.0,0.562992125984252,56715.933070866144,0.0,0.3
99.0,155.0,2333.0,1.0,1.0,0.5829404200600086,0.7693956279468496,3.2198885555079295,0.06,0.8234033433347621,0.6528075439348479,49035.55049292756,0.32704672096013715,0.27
99.0,166.0,784.0,0.9617346938775511,1.0,0.5969387755102041,0.8635204081632653,3.2091836734693877,0.02,0.9770408163265306,0.6505102040816326,57556.277423469386,0.3520408163265306,0.27
99.0,167.0,1431.0,1.0,0.9811320754716981,0.45073375262054505,0.8120195667365478,3.3675751222921035,0.0,0.8546470999301188,0.6659678546471,53414.490449569064,0.2564640111809923,0.21
99.0,204.0,1001.0,1.0,1.0,0.7162837162837162,0.932067932067932,3.5134865134865136,0.07,0.968031968031968,0.7712287712287712,64426.031135531135,0.6383616383616384,0.46
99.0,267.0,1410.0,1.0,1.0,0.5468085106382978,0.8482269503546099,2.923404255319149,0.04,0.8680851063829788,0.7212765957446808,50579.604137115835,0.06950354609929078,0.29
